https://www.dmu.ac.uk/about-dmu/academic-staff/technology/simon-atkinson/simon-atkinson.aspx
https://www.dmu.ac.uk/about-dmu/academic-staff/technology/monia-acciari/monia-acciari.aspx
https://www.dmu.ac.uk/about-dmu/academic-staff/technology/nikolay-abramov/nikolay-abramov.aspx
https://www.dmu.ac.uk/about-dmu/academic-staff/health-and-life-sciences/abu-bakr-abu-median/abu-bakr-abu-median.aspx
https://www.dmu.ac.uk/about-dmu/academic-staff/business-and-law/thomas-allen/thomas-allen.aspx
https://www.dmu.ac.uk/about-dmu/academic-staff/health-and-life-sciences/zeeshan-ahmad/zeeshan-ahmad.aspx
https://www.dmu.ac.uk/about-dmu/academic-staff/technology/adam-aboutaleb/adam-aboutaleb.aspx
https://www.dmu.ac.uk/about-dmu/academic-staff/technology/francisco-navarro/francisco-j.-aparicio-navarro.aspx
https://www.dmu.ac.uk/about-dmu/academic-staff/technology/richard-bailey/richard-bailey.aspx
https://www.dmu.ac.uk/about-dmu/academic-staff/health-and-life-sciences/susan-allen/susan-allen.aspx
https://www.dmu.ac.uk/about-dmu/academic-staff/art-design-humanities/emily-baines/emily-baines.aspx
https://www.dmu.ac.uk/about-dmu/academic-staff/health-and-life-sciences/kylie-baldwin/kylie-baldwin.aspx
https://www.dmu.ac.uk/about-dmu/academic-staff/technology/james-andean/james-andean.aspx
https://www.dmu.ac.uk/about-dmu/academic-staff/business-and-law/dennis-baker/dennis-j-baker.aspx
https://www.dmu.ac.uk/about-dmu/academic-staff/technology/vicky-ball/vicky-ball.aspx
https://www.dmu.ac.uk/about-dmu/academic-staff/art-design-humanities/amal-abuzeinab/amal-abuzeinab.aspx
https://www.dmu.ac.uk/about-dmu/academic-staff/health-and-life-sciences/randolph-arroo/randolph-arroo.aspx
https://www.dmu.ac.uk/about-dmu/academic-staff/health-and-life-sciences/david-armitage/david-armitage.aspx
https://www.dmu.ac.uk/about-dmu/academic-staff/technology/zacharias-anastassi/zacharias-anastassi.aspx
https://www.dmu.ac.uk/about-dmu/academic-staff/technology/al-hilal-al-bayati/dr-ali-hilal-al-bayati.aspx
https://www.dmu.ac.uk/about-dmu/academic-staff/health-and-life-sciences/thilo-boeck/thilo-boeck.aspx
https://www.dmu.ac.uk/about-dmu/academic-staff/health-and-life-sciences/allison-brindley/allison-brindley.aspx
https://www.dmu.ac.uk/about-dmu/academic-staff/health-and-life-sciences/adam-brown/adam-brown.aspx
https://www.dmu.ac.uk/about-dmu/academic-staff/business-and-law/martin-john-james-beckinsale/martin-john-james-beckinsale.aspx
https://www.dmu.ac.uk/about-dmu/academic-staff/business-and-law/alasdair-blair/alasdair-blair.aspx
https://www.dmu.ac.uk/about-dmu/academic-staff/art-design-humanities/susan-barton/susan-barton.aspx
https://www.dmu.ac.uk/about-dmu/academic-staff/technology/eerke-boiten/eerke-boiten.aspx
https://www.dmu.ac.uk/about-dmu/academic-staff/technology/mohamed-begg/mohamed-begg.aspx
https://www.dmu.ac.uk/about-dmu/academic-staff/technology/subhes-bhattacharyya/subhes-c-bhattacharyya.aspx
https://www.dmu.ac.uk/about-dmu/academic-staff/technology/bret-battey/bret-battey.aspx
https://www.dmu.ac.uk/about-dmu/academic-staff/health-and-life-sciences/marie-josee-bisson/marie-josee-bisson.aspx
https://www.dmu.ac.uk/about-dmu/academic-staff/health-and-life-sciences/richard-brawn/richard-brawn.aspx
https://www.dmu.ac.uk/about-dmu/academic-staff/technology/laurence-brooks/laurence-brooks.aspx
https://www.dmu.ac.uk/about-dmu/academic-staff/technology/peter-bounds/peter-bounds.aspx
https://www.dmu.ac.uk/about-dmu/academic-staff/technology/muhammed-ali-bingol/muhammed-ali-bingol.aspx
https://www.dmu.ac.uk/about-dmu/academic-staff/art-design-humanities/christine-boydell/christine-boydell.aspx
https://www.dmu.ac.uk/about-dmu/academic-staff/health-and-life-sciences/paul-bremner/paul-bremner.aspx
https://www.dmu.ac.uk/about-dmu/academic-staff/health-and-life-sciences/anwar-baydoun/anwar-baydoun.aspx
https://www.dmu.ac.uk/about-dmu/academic-staff/technology/peter-batchelor/peter-batchelor.aspx
https://www.dmu.ac.uk/about-dmu/academic-staff/technology/marie-bassford/marie-bassford.aspx
https://www.dmu.ac.uk/about-dmu/academic-staff/art-design-humanities/douglas-cawthorne/douglas-cawthorne.aspx
https://www.dmu.ac.uk/about-dmu/academic-staff/technology/moira-carroll-mayer/moira-carroll-mayer.aspx
https://www.dmu.ac.uk/about-dmu/academic-staff/art-design-humanities/hiu-man-chan/hiu-man-chan.aspx
https://www.dmu.ac.uk/about-dmu/academic-staff/art-design-humanities/stephen-brown/stephen-brown.aspx
https://www.dmu.ac.uk/about-dmu/academic-staff/health-and-life-sciences/brian-brown/brian-brown.aspx
https://www.dmu.ac.uk/about-dmu/academic-staff/business-and-law/edward-cartwright/edward-cartwright.aspx
https://www.dmu.ac.uk/about-dmu/academic-staff/health-and-life-sciences/federico-brucoli/federico-brucoli.aspx
https://www.dmu.ac.uk/about-dmu/academic-staff/technology/seng-chong/seng-chong.aspx
https://www.dmu.ac.uk/about-dmu/academic-staff/art-design-humanities/neil-carter/neil-carter.aspx
https://www.dmu.ac.uk/about-dmu/academic-staff/technology/antonio-cau/dr-antonio-cau.aspx
https://www.dmu.ac.uk/about-dmu/academic-staff/technology/jenifer-chao/dr-jenifer-chao.aspx
https://www.dmu.ac.uk/about-dmu/academic-staff/technology/francisco-chiclana/francisco-chiclana.aspx
https://www.dmu.ac.uk/about-dmu/academic-staff/technology/feng-chen/dr-feng-chen.aspx
https://www.dmu.ac.uk/about-dmu/academic-staff/business-and-law/peter-butler/peter-butler.aspx
https://www.dmu.ac.uk/about-dmu/academic-staff/health-and-life-sciences/rob-canton/rob-canton.aspx
https://www.dmu.ac.uk/about-dmu/academic-staff/health-and-life-sciences/mei-i-cheng/mei-i-cheng.aspx
https://www.dmu.ac.uk/about-dmu/academic-staff/technology/neil-brown/neil-brown.aspx
https://www.dmu.ac.uk/about-dmu/academic-staff/art-design-humanities/steve-chibnall/steve-chibnall.aspx
https://www.dmu.ac.uk/about-dmu/academic-staff/art-design-humanities/ramsay-burt/ramsay-burt.aspx
https://www.dmu.ac.uk/about-dmu/academic-staff/art-design-humanities/robert-chien-chung-chen/robert-chien-chung-chen.aspx
https://www.dmu.ac.uk/about-dmu/academic-staff/art-design-humanities/mark-crossley/mark-crossley.aspx
https://www.dmu.ac.uk/about-dmu/academic-staff/art-design-humanities/jeremy-crump.aspx
https://www.dmu.ac.uk/about-dmu/academic-staff/health-and-life-sciences/sam-clark/sam-clark.aspx
https://www.dmu.ac.uk/about-dmu/academic-staff/art-design-humanities/ben-cowd/ben-cowd.aspx
https://www.dmu.ac.uk/about-dmu/academic-staff/technology/simon-coupland/simon-coupland.aspx
https://www.dmu.ac.uk/about-dmu/academic-staff/health-and-life-sciences/pip-cornelius/pip-cornelius.aspx
https://www.dmu.ac.uk/about-dmu/academic-staff/technology/richard-cross/richard-cross.aspx
https://www.dmu.ac.uk/about-dmu/academic-staff/art-design-humanities/louise-clarke-fine-art/louise-clarke.aspx
https://www.dmu.ac.uk/about-dmu/academic-staff/technology/ross-clement/ross-clement.aspx
https://www.dmu.ac.uk/about-dmu/academic-staff/health-and-life-sciences/carlos-crivelli/carlos-crivelli.aspx
https://www.dmu.ac.uk/about-dmu/academic-staff/health-and-life-sciences/andrew-clifton/andrew-clifton.aspx
https://www.dmu.ac.uk/about-dmu/academic-staff/art-design-humanities/alissa-clarke/alissa-clarke.aspx
https://www.dmu.ac.uk/about-dmu/academic-staff/health-and-life-sciences/helen-coulthard/helen-coulthard.aspx
https://www.dmu.ac.uk/about-dmu/academic-staff/technology/jonathan-coope/dr-jonathan-coope.aspx
https://www.dmu.ac.uk/about-dmu/academic-staff/health-and-life-sciences/jagdish-chouhan/jagdish-chouhan.aspx
https://www.dmu.ac.uk/about-dmu/academic-staff/art-design-humanities/jill-cowley/jill-cowley.aspx
https://www.dmu.ac.uk/about-dmu/academic-staff/art-design-humanities/david-croft/david-croft.aspx
https://www.dmu.ac.uk/about-dmu/academic-staff/technology/thom-corah/thom-corah.aspx
https://www.dmu.ac.uk/about-dmu/academic-staff/art-design-humanities/robert-colls/robert-colls.aspx
https://www.dmu.ac.uk/about-dmu/academic-staff/health-and-life-sciences/lorraine-culley/lorraine-culley.aspx
https://www.dmu.ac.uk/about-dmu/academic-staff/art-design-humanities/dave-dee/dave-dee.aspx
https://www.dmu.ac.uk/about-dmu/academic-staff/art-design-humanities/harriet-curtis/harriet-curtis.aspx
https://www.dmu.ac.uk/about-dmu/academic-staff/art-design-humanities/gabriel-egan/gabriel-egan.aspx
https://www.dmu.ac.uk/about-dmu/academic-staff/art-design-humanities/jane-dowson/jane-dowson.aspx
https://www.dmu.ac.uk/about-dmu/academic-staff/art-design-humanities/ernest-edmonds/ernest-edmonds.aspx
https://www.dmu.ac.uk/about-dmu/academic-staff/health-and-life-sciences/jane-dixon/jane-dixon.aspx
https://www.dmu.ac.uk/about-dmu/academic-staff/art-design-humanities/sally-doughty/sally-doughty.aspx
https://www.dmu.ac.uk/about-dmu/academic-staff/business-and-law/albert-danso/albert-danso.aspx
https://www.dmu.ac.uk/about-dmu/academic-staff/health-and-life-sciences/kay-de-vries/kay-de-vries.aspx
https://www.dmu.ac.uk/about-dmu/academic-staff/art-design-humanities/jonathan-davies/jonathan-davies.aspx
https://www.dmu.ac.uk/about-dmu/academic-staff/health-and-life-sciences/simon-dyson/simon-dyson.aspx
https://www.dmu.ac.uk/about-dmu/academic-staff/art-design-humanities/lionel-dean/lionel-dean.aspx
https://www.dmu.ac.uk/about-dmu/academic-staff/technology/kegong-diao/kegong-diao.aspx
https://www.dmu.ac.uk/about-dmu/academic-staff/technology/alistair-duffy/alistair-duffy.aspx
https://www.dmu.ac.uk/about-dmu/academic-staff/technology/dmitriy-dubovitskiy/dmitriy-dubovitskiy.aspx
https://www.dmu.ac.uk/about-dmu/academic-staff/health-and-life-sciences/jeff-davies/jeff-davies.aspx
https://www.dmu.ac.uk/about-dmu/academic-staff/business-and-law/olabisi-daodu/olabisi-daodu.aspx
https://www.dmu.ac.uk/about-dmu/academic-staff/art-design-humanities/angela-davies/angela-davies.aspx
https://www.dmu.ac.uk/about-dmu/academic-staff/health-and-life-sciences/barry-dufour/barry-dufour.aspx
https://www.dmu.ac.uk/about-dmu/academic-staff/art-design-humanities/elizabeth-edwards/elizabeth-edwards.aspx
https://www.dmu.ac.uk/about-dmu/academic-staff/technology/tyr-fothergill/tyr-fothergill.aspx
https://www.dmu.ac.uk/about-dmu/academic-staff/health-and-life-sciences/christopher-elsey/christopher-elsey.aspx
https://www.dmu.ac.uk/about-dmu/academic-staff/health-and-life-sciences/kriss-fearon/kriss-fearon.aspx
https://www.dmu.ac.uk/about-dmu/academic-staff/health-and-life-sciences/julie-fish/julie-fish.aspx
https://www.dmu.ac.uk/about-dmu/academic-staff/health-and-life-sciences/mark-fowler/mark-fowler.aspx
https://www.dmu.ac.uk/about-dmu/academic-staff/health-and-life-sciences/mark-evans/mark-d-evans.aspx
https://www.dmu.ac.uk/about-dmu/academic-staff/art-design-humanities/tim-fulford/tim-fulford.aspx
https://www.dmu.ac.uk/about-dmu/academic-staff/technology/ofer-engel/ofer-engel.aspx
https://www.dmu.ac.uk/about-dmu/academic-staff/health-and-life-sciences/irina-ermolina/irina-ermolina.aspx
https://www.dmu.ac.uk/about-dmu/academic-staff/technology/simon-emmerson/simon-emmerson.aspx
https://www.dmu.ac.uk/about-dmu/academic-staff/health-and-life-sciences/dan-fei/dan-fei.aspx
https://www.dmu.ac.uk/about-dmu/academic-staff/health-and-life-sciences/zaheera-essat/zaheera-essat.aspx
https://www.dmu.ac.uk/about-dmu/academic-staff/technology/farukh-farukh/farukh-farukh.aspx
https://www.dmu.ac.uk/about-dmu/academic-staff/technology/paul-fleming/paul-fleming.aspx
https://www.dmu.ac.uk/about-dmu/academic-staff/technology/pierluigi-ercole/pierluigi-ercole.aspx
https://www.dmu.ac.uk/about-dmu/academic-staff/technology/chris-fidler/chris-fidler.aspx
https://www.dmu.ac.uk/about-dmu/academic-staff/technology/vasileios-germanos/vasileios-germanos.aspx
https://www.dmu.ac.uk/about-dmu/academic-staff/technology/david-elizondo/dr-david-elizondo.aspx
https://www.dmu.ac.uk/about-dmu/academic-staff/technology/rupert-gammon/rupert-gammon.aspx
https://www.dmu.ac.uk/about-dmu/academic-staff/health-and-life-sciences/shira-elqayam/shira-elqayam.aspx
https://www.dmu.ac.uk/about-dmu/academic-staff/health-and-life-sciences/tina-hamilton/tina-hamilton.aspx
https://www.dmu.ac.uk/about-dmu/academic-staff/health-and-life-sciences/martin-grootveld/martin-grootveld.aspx
https://www.dmu.ac.uk/about-dmu/academic-staff/technology/pamela-hardaker/pamela-hardaker.aspx
https://www.dmu.ac.uk/about-dmu/academic-staff/health-and-life-sciences/austin-griffiths/austin-griffiths.aspx
https://www.dmu.ac.uk/about-dmu/academic-staff/technology/john-gow/john-gow.aspx
https://www.dmu.ac.uk/about-dmu/academic-staff/technology/sarah-greenfield/sarah-greenfield.aspx
https://www.dmu.ac.uk/about-dmu/academic-staff/technology/rick-greenough/rick-greenough.aspx
https://www.dmu.ac.uk/about-dmu/academic-staff/health-and-life-sciences/stephen-handsley/stephen-handsley.aspx
https://www.dmu.ac.uk/about-dmu/academic-staff/business-and-law/rachel-granger/rachel-granger.aspx
https://www.dmu.ac.uk/about-dmu/academic-staff/technology/raouf-hamzaoui/raouf-hamzaoui.aspx
https://www.dmu.ac.uk/about-dmu/academic-staff/art-design-humanities/nicky-harding/nicky-harding.aspx
https://www.dmu.ac.uk/about-dmu/academic-staff/health-and-life-sciences/esmee-hanna/esmee-hanna.aspx
https://www.dmu.ac.uk/about-dmu/academic-staff/business-and-law/linda-glover/linda-glover.aspx
https://www.dmu.ac.uk/about-dmu/academic-staff/health-and-life-sciences/benjamin-gronier/benjamin-gronier.aspx
https://www.dmu.ac.uk/about-dmu/academic-staff/technology/mario-gongora/mario-gongora.aspx
https://www.dmu.ac.uk/about-dmu/academic-staff/technology/sridhar-govindarajan/sridhar-govindarajan.aspx
https://www.dmu.ac.uk/about-dmu/academic-staff/business-and-law/milan-gyanwali/milan-gyanwali.aspx
https://www.dmu.ac.uk/about-dmu/academic-staff/health-and-life-sciences/richard-hall/richard-hall.aspx
https://www.dmu.ac.uk/about-dmu/academic-staff/business-and-law/chris-goldsmith/chris-goldsmith.aspx
https://www.dmu.ac.uk/about-dmu/academic-staff/technology/mikhail-goman/mikhail-goman.aspx
https://www.dmu.ac.uk/about-dmu/academic-staff/business-and-law/brahim-herbane/brahim-herbane.aspx
https://www.dmu.ac.uk/about-dmu/academic-staff/health-and-life-sciences/kathryn-hinsliff-smith/kathryn-hinsliff-smith.aspx
https://www.dmu.ac.uk/about-dmu/academic-staff/health-and-life-sciences/neill-horley/neill-horley.aspx
https://www.dmu.ac.uk/about-dmu/academic-staff/art-design-humanities/marie-hay/marie-hay.aspx
https://www.dmu.ac.uk/about-dmu/academic-staff/technology/clinton-ingrams/clinton-ingrams.aspx
https://www.dmu.ac.uk/about-dmu/academic-staff/technology/hiroki-idota/hiroki-idota.aspx
https://www.dmu.ac.uk/about-dmu/academic-staff/business-and-law/jaypal-jain/jaypal-jain.aspx
https://www.dmu.ac.uk/about-dmu/academic-staff/health-and-life-sciences/cathy-herbrand/cathy-herbrand.aspx
https://www.dmu.ac.uk/about-dmu/academic-staff/business-and-law/malcolm-hoare/malcolm-hoare.aspx
https://www.dmu.ac.uk/about-dmu/academic-staff/business-and-law/yoric-irving-clarke/yoric-irving-clarke.aspx
https://www.dmu.ac.uk/about-dmu/academic-staff/technology/liang-hu/dr-liang-hu.aspx
https://www.dmu.ac.uk/about-dmu/academic-staff/health-and-life-sciences/katherine-huddersman/katherine-huddersman.aspx
https://www.dmu.ac.uk/about-dmu/academic-staff/health-and-life-sciences/parvez-iqbal-haris/parvez-iqbal-haris.aspx
https://www.dmu.ac.uk/about-dmu/academic-staff/technology/tracy-harwood/tracy-harwood.aspx
https://www.dmu.ac.uk/about-dmu/academic-staff/health-and-life-sciences/nicky-hudson/nicky-hudson.aspx
https://www.dmu.ac.uk/about-dmu/academic-staff/art-design-humanities/richard-holt/richard-holt.aspx
https://www.dmu.ac.uk/about-dmu/academic-staff/technology/amy-harris/amy-harris.aspx
https://www.dmu.ac.uk/about-dmu/academic-staff/health-and-life-sciences/marilena-ioannou/marilena-ioannou.aspx
https://www.dmu.ac.uk/about-dmu/academic-staff/art-design-humanities/jeffrey-hill/jeffrey-hill.aspx
https://www.dmu.ac.uk/about-dmu/academic-staff/technology/enrique-herrera-viedma/enrique-herrera-viedma.aspx
https://www.dmu.ac.uk/about-dmu/academic-staff/art-design-humanities/kelly-jordan/kelly-jordan.aspx
https://www.dmu.ac.uk/about-dmu/academic-staff/business-and-law/jennie-jordan/jennie-jordan.aspx
https://www.dmu.ac.uk/about-dmu/academic-staff/art-design-humanities/ruth-jindal/ruth-jindal.aspx
https://www.dmu.ac.uk/about-dmu/academic-staff/business-and-law/gregory-james/gregory-james.aspx
https://www.dmu.ac.uk/about-dmu/academic-staff/training/rusi-jaspal.aspx
https://www.dmu.ac.uk/about-dmu/academic-staff/health-and-life-sciences/emma-johnston/emma-johnston.aspx
https://www.dmu.ac.uk/about-dmu/academic-staff/art-design-humanities/takako-kato/takako-kato.aspx
https://www.dmu.ac.uk/about-dmu/academic-staff/art-design-humanities/alistair-jones/alistair-jones.aspx
https://www.dmu.ac.uk/about-dmu/academic-staff/health-and-life-sciences/richard-jenkins/richard-jenkins.aspx
https://www.dmu.ac.uk/about-dmu/academic-staff/business-and-law/alwyn-jones/alwyn-jones.aspx
https://www.dmu.ac.uk/about-dmu/academic-staff/technology/fuad-khoshnaw/fuad-khoshnaw.aspx
https://www.dmu.ac.uk/about-dmu/academic-staff/health-and-life-sciences/charlotte-knight/charlotte-knight.aspx
https://www.dmu.ac.uk/about-dmu/academic-staff/art-design-humanities/kristine-juncker/kristine-juncker.aspx
https://www.dmu.ac.uk/about-dmu/academic-staff/art-design-humanities/siobhan-keenan/siobhan-keenan.aspx
https://www.dmu.ac.uk/about-dmu/academic-staff/health-and-life-sciences/nayia-kamenou/nayia-kamenou.aspx
https://www.dmu.ac.uk/about-dmu/academic-staff/technology/mehmet-sabir-kiraz/mehmet-sabir-kiraz.aspx
https://www.dmu.ac.uk/about-dmu/academic-staff/art-design-humanities/barry-jordan/barry-jordan.aspx
https://www.dmu.ac.uk/about-dmu/academic-staff/art-design-humanities/mark-kasumovic/mark-kasumovic.aspx
https://www.dmu.ac.uk/about-dmu/academic-staff/health-and-life-sciences/chris-knifton/chris-knifton.aspx
https://www.dmu.ac.uk/about-dmu/academic-staff/technology/benjamin-kenwright/dr-benjamin-kenwright.aspx
https://www.dmu.ac.uk/about-dmu/academic-staff/health-and-life-sciences/katie-laird/katie-laird.aspx
https://www.dmu.ac.uk/about-dmu/academic-staff/art-design-humanities/martin-leach/martin-leach.aspx
https://www.dmu.ac.uk/about-dmu/academic-staff/technology/indrani-lahiri/indrani-lahiri.aspx
https://www.dmu.ac.uk/about-dmu/academic-staff/business-and-law/neil-lancastle/neil-lancastle.aspx
https://www.dmu.ac.uk/about-dmu/academic-staff/technology/mark-lemon/mark-lemon.aspx
https://www.dmu.ac.uk/about-dmu/academic-staff/business-and-law/frank-kwabi/frank-kwabi.aspx
https://www.dmu.ac.uk/about-dmu/academic-staff/art-design-humanities/pierre-lanfranchi/pierre-lanfranchi.aspx
https://www.dmu.ac.uk/about-dmu/academic-staff/technology/leigh-landy/leigh-landy.aspx
https://www.dmu.ac.uk/about-dmu/academic-staff/business-and-law/roger-lawrence/roger-lawrence.aspx
https://www.dmu.ac.uk/about-dmu/academic-staff/health-and-life-sciences/caroline-law/caroline-law.aspx
https://www.dmu.ac.uk/about-dmu/academic-staff/art-design-humanities/bethany-layne/bethany-layne.aspx
https://www.dmu.ac.uk/about-dmu/academic-staff/health-and-life-sciences/neena-lakhani/neena-lakhani.aspx
https://www.dmu.ac.uk/about-dmu/academic-staff/health-and-life-sciences/sarah-lee/sarah-lee.aspx
https://www.dmu.ac.uk/about-dmu/academic-staff/health-and-life-sciences/lis-ku/lis-ku.aspx
https://www.dmu.ac.uk/about-dmu/academic-staff/technology/william-knight/william-knight.aspx
https://www.dmu.ac.uk/about-dmu/academic-staff/art-design-humanities/elizabeth-lambourn/elizabeth-lambourn.aspx
https://www.dmu.ac.uk/about-dmu/academic-staff/business-and-law/samuel-komakech/samuel-komakech.aspx
https://www.dmu.ac.uk/about-dmu/academic-staff/art-design-humanities/stuart-lawson/stuart-lawson.aspx
https://www.dmu.ac.uk/about-dmu/academic-staff/health-and-life-sciences/victoria-knight/victoria-knight.aspx
https://www.dmu.ac.uk/about-dmu/academic-staff/technology/jason-lee/jason-lee.aspx
https://www.dmu.ac.uk/about-dmu/academic-staff/business-and-law/vitor-leone/vitor-leone.aspx
https://www.dmu.ac.uk/about-dmu/academic-staff/health-and-life-sciences/steven-lyttle/steven-lyttle.aspx
https://www.dmu.ac.uk/about-dmu/academic-staff/health-and-life-sciences/ross-little/ross-little.aspx
https://www.dmu.ac.uk/about-dmu/academic-staff/health-and-life-sciences/mingzhong-li/mingzhong-li.aspx
https://www.dmu.ac.uk/about-dmu/academic-staff/art-design-humanities/claire-lerpiniere/claire-lerpiniere.aspx
https://www.dmu.ac.uk/about-dmu/academic-staff/technology/neil-mcbride/neil-mcbride.aspx
https://www.dmu.ac.uk/about-dmu/academic-staff/business-and-law/jonathan-glen-merritt/jonathan-glen-merritt.aspx
https://www.dmu.ac.uk/about-dmu/academic-staff/business-and-law/fred-mear/fred-mear.aspx
https://www.dmu.ac.uk/about-dmu/academic-staff/art-design-humanities/lala-meredith-vula/lala-meredith-vula.aspx
https://www.dmu.ac.uk/about-dmu/academic-staff/business-and-law/oluwasoye-mafimisebi/oluwasoye-mafimisebi.aspx
https://www.dmu.ac.uk/about-dmu/academic-staff/health-and-life-sciences/ruth-mckie/ruth-mckie.aspx
https://www.dmu.ac.uk/about-dmu/academic-staff/business-and-law/ronnie-mackay/ronnie-mackay.aspx
https://www.dmu.ac.uk/about-dmu/academic-staff/health-and-life-sciences/sasha-loyal/sasha-loyal.aspx
https://www.dmu.ac.uk/about-dmu/academic-staff/business-and-law/karen-malan/karenmalan.aspx
https://www.dmu.ac.uk/about-dmu/academic-staff/art-design-humanities/jamileh-manoochehri/jamileh-manoochehri.aspx
https://www.dmu.ac.uk/about-dmu/academic-staff/art-design-humanities/kevin-tallec-marston/kevin-tallec-marston.aspx
https://www.dmu.ac.uk/about-dmu/academic-staff/art-design-humanities/greg-lucas/greg-lucas.aspx
https://www.dmu.ac.uk/about-dmu/academic-staff/health-and-life-sciences/mounir-maafi/mounir-maafi.aspx
https://www.dmu.ac.uk/about-dmu/academic-staff/technology/xin-lu/xin-lu.aspx
https://www.dmu.ac.uk/about-dmu/academic-staff/technology/leandros-maglaras/leandros-maglaras.aspx
https://www.dmu.ac.uk/about-dmu/academic-staff/technology/simon-mills/simon-mills.aspx
https://www.dmu.ac.uk/about-dmu/academic-staff/technology/qadri-mishael/qadri-mishael.aspx
https://www.dmu.ac.uk/about-dmu/academic-staff/health-and-life-sciences/andy-northcott/andy-northcott.aspx
https://www.dmu.ac.uk/about-dmu/academic-staff/technology/brent-mittelstadt/brent-mittelstadt.aspx
https://www.dmu.ac.uk/about-dmu/academic-staff/health-and-life-sciences/nicoleta-moisoi/nicoleta-moisoi.aspx
https://www.dmu.ac.uk/about-dmu/academic-staff/health-and-life-sciences/bertha-ochieng/bertha-ochieng.aspx
https://www.dmu.ac.uk/about-dmu/academic-staff/business-and-law/andre-naidoo/andre-naidoo.aspx
https://www.dmu.ac.uk/about-dmu/academic-staff/health-and-life-sciences/angela-o-sullivan/angela-o-sullivan.aspx
https://www.dmu.ac.uk/about-dmu/academic-staff/business-and-law/ines-newman/ines-newman.aspx
https://www.dmu.ac.uk/about-dmu/academic-staff/business-and-law/linh-nguyen/linh.aspx
https://www.dmu.ac.uk/about-dmu/academic-staff/art-design-humanities/jacqui-norton/jacqui-norton.aspx
https://www.dmu.ac.uk/about-dmu/academic-staff/technology/claire-monk/claire-monk.aspx
https://www.dmu.ac.uk/about-dmu/academic-staff/art-design-humanities/kenneth-morrison/kenneth-morrison.aspx
https://www.dmu.ac.uk/about-dmu/academic-staff/technology/stuart-oconnor/stuart-oconnor.aspx
https://www.dmu.ac.uk/about-dmu/academic-staff/art-design-humanities/robert-murphy/robert-murphy.aspx
https://www.dmu.ac.uk/about-dmu/academic-staff/health-and-life-sciences/leisa-nichols-drew/leisa-nichols-drew.aspx
https://www.dmu.ac.uk/about-dmu/academic-staff/business-and-law/robert-ogman/robert-ogman.aspx
https://www.dmu.ac.uk/about-dmu/academic-staff/business-and-law/martin-morgan-taylor/martin-morgan-taylor.aspx
https://www.dmu.ac.uk/about-dmu/academic-staff/health-and-life-sciences/wendy-norton/wendy-norton.aspx
https://www.dmu.ac.uk/about-dmu/academic-staff/art-design-humanities/andy-mousley/andy-mousley.aspx
https://www.dmu.ac.uk/about-dmu/academic-staff/business-and-law/deji-olagboye/deji-olagboye.aspx
https://www.dmu.ac.uk/about-dmu/academic-staff/art-design-humanities/mary-oneill/mary-oneill.aspx
https://www.dmu.ac.uk/about-dmu/academic-staff/business-and-law/neil-parpworth/neil-parpworth.aspx
https://www.dmu.ac.uk/about-dmu/academic-staff/technology/ahmet-orun/ahmet-orun.aspx
https://www.dmu.ac.uk/about-dmu/academic-staff/business-and-law/godwin-okafor/godwin-okafor.aspx
https://www.dmu.ac.uk/about-dmu/academic-staff/technology/eseosa-oshodin-/eseosa-oshodin.aspx
https://www.dmu.ac.uk/about-dmu/academic-staff/business-and-law/kwaku-ohene-asare/kwaku-ohene-asare.aspx
https://www.dmu.ac.uk/about-dmu/academic-staff/technology/dave-paget/dave-paget.aspx
https://www.dmu.ac.uk/about-dmu/academic-staff/art-design-humanities/elinor-parsons/elinor-parsons.aspx
https://www.dmu.ac.uk/about-dmu/academic-staff/health-and-life-sciences/anamaria-oprea/anamaria-oprea.aspx
https://www.dmu.ac.uk/about-dmu/academic-staff/business-and-law/mike-oxley/mike-oxley.aspx
https://www.dmu.ac.uk/about-dmu/academic-staff/health-and-life-sciences/wendy-padley/wendy-padley.aspx
https://www.dmu.ac.uk/about-dmu/academic-staff/technology/muyiwa-oyinlola/dr-muyiwa-oyinlola.aspx
https://www.dmu.ac.uk/about-dmu/academic-staff/technology/daniel-paluszczyszyn/daniel-paluszczyszyn.aspx
https://www.dmu.ac.uk/about-dmu/academic-staff/technology/vijayanarasimha-hindupur-pakka/vijay-h-pakka.aspx
https://www.dmu.ac.uk/about-dmu/academic-staff/art-design-humanities/james-panter/james-panter.aspx
https://www.dmu.ac.uk/about-dmu/academic-staff/technology/tim-osullivan/tim-osullivan.aspx
https://www.dmu.ac.uk/about-dmu/academic-staff/art-design-humanities/panikos-panayi/panikos-panayi.aspx
https://www.dmu.ac.uk/about-dmu/academic-staff/art-design-humanities/gil-pasternak/gil-pasternak.aspx
https://www.dmu.ac.uk/about-dmu/academic-staff/technology/leticia-ozawa-meida/leticia-ozawa-meida.aspx
https://www.dmu.ac.uk/about-dmu/academic-staff/health-and-life-sciences/zoe-redshaw/zoe-redshaw.aspx
https://www.dmu.ac.uk/about-dmu/academic-staff/technology/shashi-paul/shashi-paul.aspx
https://www.dmu.ac.uk/about-dmu/academic-staff/health-and-life-sciences/kaushika-patel/kaushika-patel.aspx
https://www.dmu.ac.uk/about-dmu/academic-staff/art-design-humanities/gillian-proctor/gillian-proctor.aspx
https://www.dmu.ac.uk/about-dmu/academic-staff/art-design-humanities/simon-perril/simon-perril.aspx
https://www.dmu.ac.uk/about-dmu/academic-staff/technology/hobina-rajakaruna/hobina-rajakaruna.aspx
https://www.dmu.ac.uk/about-dmu/academic-staff/art-design-humanities/beatriz-pichel/beatriz-pichel.aspx
https://www.dmu.ac.uk/about-dmu/academic-staff/technology/stephen-rainey/stephen-rainey.aspx
https://www.dmu.ac.uk/about-dmu/academic-staff/health-and-life-sciences/antonio-pena-fernandez/antonio-pena-fernandez.aspx
https://www.dmu.ac.uk/about-dmu/academic-staff/art-design-humanities/gregory-quin/gregory-quin.aspx
https://www.dmu.ac.uk/about-dmu/academic-staff/art-design-humanities/dilwyn-porter/dilwyn-porter.aspx
https://www.dmu.ac.uk/about-dmu/academic-staff/health-and-life-sciences/ross-purves/ross-purves.aspx
https://www.dmu.ac.uk/about-dmu/academic-staff/health-and-life-sciences/raghu-raghavan/raghu-raghavan.aspx
https://www.dmu.ac.uk/about-dmu/academic-staff/art-design-humanities/joseph-phelan/joseph-phelan.aspx
https://www.dmu.ac.uk/about-dmu/academic-staff/art-design-humanities/michael-powell/michael-powell.aspx
https://www.dmu.ac.uk/about-dmu/academic-staff/health-and-life-sciences/roshan-rai/roshan-rai.aspx
https://www.dmu.ac.uk/about-dmu/academic-staff/art-design-humanities/martin-polley/martin-polley.aspx
https://www.dmu.ac.uk/about-dmu/academic-staff/technology/stuart-price/stuart-price.aspx
https://www.dmu.ac.uk/about-dmu/academic-staff/business-and-law/jonathan-payne/jonathan-payne.aspx
https://www.dmu.ac.uk/about-dmu/academic-staff/technology/laraine-porter/laraine-porter.aspx
https://www.dmu.ac.uk/about-dmu/academic-staff/technology/iulia-salaoru/iulia-salaoru.aspx
https://www.dmu.ac.uk/about-dmu/academic-staff/health-and-life-sciences/avninder-bhambra/avninder-bhambra.aspx
https://www.dmu.ac.uk/about-dmu/academic-staff/business-and-law/jonathan-rose/jonathan-rose.aspx
https://www.dmu.ac.uk/about-dmu/academic-staff/technology/andrew-reeves/dr-andrew-reeves.aspx
https://www.dmu.ac.uk/about-dmu/academic-staff/business-and-law/kevin-roe/kevin-roe.aspx
https://www.dmu.ac.uk/about-dmu/academic-staff/technology/daisy-richards/daisy-richards.aspx
https://www.dmu.ac.uk/about-dmu/academic-staff/health-and-life-sciences/shivanthi-samarasinghe/shivanthi-samarasinghe.aspx
https://www.dmu.ac.uk/about-dmu/academic-staff/art-design-humanities/edward-rennie/edward-rennie.aspx
https://www.dmu.ac.uk/about-dmu/academic-staff/health-and-life-sciences/tarsem-sahota/tarsem-sahota.aspx
https://www.dmu.ac.uk/about-dmu/academic-staff/art-design-humanities/mark-roberts/mark-roberts.aspx
https://www.dmu.ac.uk/about-dmu/academic-staff/art-design-humanities/martin-richardson/martin-richardson.aspx
https://www.dmu.ac.uk/about-dmu/academic-staff/technology/kathleen-richardson/kathleen-richardson.aspx
https://www.dmu.ac.uk/about-dmu/academic-staff/art-design-humanities/martin-rieser/martin-rieser.aspx
https://www.dmu.ac.uk/about-dmu/academic-staff/health-and-life-sciences/walkiria-schlindwein/walkiria-schlindwein.aspx
https://www.dmu.ac.uk/about-dmu/academic-staff/technology/christian-serdean/cristian-serdean.aspx
https://www.dmu.ac.uk/about-dmu/academic-staff/technology/james-russell/james-russell.aspx
https://www.dmu.ac.uk/about-dmu/academic-staff/health-and-life-sciences/kim-sadique/kim-sadique.aspx
https://www.dmu.ac.uk/about-dmu/academic-staff/health-and-life-sciences/sally-ruane/sally-ruane.aspx
https://www.dmu.ac.uk/about-dmu/academic-staff/health-and-life-sciences/mark-scase/mark-scase.aspx
https://www.dmu.ac.uk/about-dmu/academic-staff/health-and-life-sciences/momodou-sallah/momodou-sallah.aspx
https://www.dmu.ac.uk/about-dmu/academic-staff/technology/jethro-shell/jethro-shell.aspx
https://www.dmu.ac.uk/about-dmu/academic-staff/technology/david-smallwood/david-smallwood.aspx
https://www.dmu.ac.uk/about-dmu/academic-staff/technology/paul-smith/paul-smith.aspx
https://www.dmu.ac.uk/about-dmu/academic-staff/technology/ronnie-smyth/ronnie-smyth.aspx
https://www.dmu.ac.uk/about-dmu/academic-staff/art-design-humanities/edward-smith/edward-smith.aspx
https://www.dmu.ac.uk/about-dmu/academic-staff/health-and-life-sciences/harprit-singh/harprit-singh.aspx
https://www.dmu.ac.uk/about-dmu/academic-staff/technology/emad-sherif/emad-sherif.aspx
https://www.dmu.ac.uk/about-dmu/academic-staff/health-and-life-sciences/geoff-smith/geoff-smith.aspx
https://www.dmu.ac.uk/about-dmu/academic-staff/technology/justin-smith/justin-timothy-smith.aspx
https://www.dmu.ac.uk/about-dmu/academic-staff/art-design-humanities/jinsong-shen/jinsong-shen.aspx
https://www.dmu.ac.uk/about-dmu/academic-staff/technology/richard-smith/richard-smith.aspx
https://www.dmu.ac.uk/about-dmu/academic-staff/art-design-humanities/david-soden/david-soden.aspx
https://www.dmu.ac.uk/about-dmu/academic-staff/health-and-life-sciences/neenu-singh/neenu-singh.aspx
https://www.dmu.ac.uk/about-dmu/academic-staff/technology/francois-siewe/dr-francois-siewe.aspx
https://www.dmu.ac.uk/about-dmu/academic-staff/business-and-law/hilary-shaw/hillary-shaw.aspx
https://www.dmu.ac.uk/about-dmu/academic-staff/art-design-humanities/philip-stewart/philip-stewart.aspx
https://www.dmu.ac.uk/about-dmu/academic-staff/health-and-life-sciences/dan-sillence/dan-sillence.aspx
https://www.dmu.ac.uk/about-dmu/academic-staff/technology/sophy-smith/sophy-smith.aspx
https://www.dmu.ac.uk/about-dmu/academic-staff/health-and-life-sciences/john-song/john-song.aspx
https://www.dmu.ac.uk/about-dmu/academic-staff/technology/martin-stacey/martin-stacey.aspx
https://www.dmu.ac.uk/about-dmu/academic-staff/technology/paul-taylor/paul-taylor.aspx
https://www.dmu.ac.uk/about-dmu/academic-staff/health-and-life-sciences/nadia-svirydzenka/nadia-svirydzenka.aspx
https://www.dmu.ac.uk/about-dmu/academic-staff/health-and-life-sciences/sangeeta-tanna/sangeeta-tanna.aspx
https://www.dmu.ac.uk/about-dmu/academic-staff/business-and-law/dave-tapp/dave-tapp.aspx
https://www.dmu.ac.uk/about-dmu/academic-staff/health-and-life-sciences/di-barber/di-turgoose.aspx
https://www.dmu.ac.uk/about-dmu/academic-staff/technology/darpan-triboan/darpan-triboan.aspx
https://www.dmu.ac.uk/about-dmu/academic-staff/technology/giuliana-tiripelli/giuliana-tiripelli.aspx
https://www.dmu.ac.uk/about-dmu/academic-staff/art-design-humanities/ahmad-taki/ahmad-taki.aspx
https://www.dmu.ac.uk/about-dmu/academic-staff/art-design-humanities/kyungeun-sung/kyungeun-sung.aspx
https://www.dmu.ac.uk/about-dmu/academic-staff/health-and-life-sciences/joan-taylor/joan-taylor.aspx
https://www.dmu.ac.uk/about-dmu/academic-staff/business-and-law/amy-takhar/amy-takhar.aspx
https://www.dmu.ac.uk/about-dmu/academic-staff/technology/yong-sun/yong-sun.aspx
https://www.dmu.ac.uk/about-dmu/academic-staff/business-and-law/ed-thompson/ed-thompson.aspx
https://www.dmu.ac.uk/about-dmu/academic-staff/technology/yuan-tian/dr-yuan-tian.aspx
https://www.dmu.ac.uk/about-dmu/academic-staff/technology/xincai-cato-tan/xincai-cato-tan.aspx
https://www.dmu.ac.uk/about-dmu/academic-staff/art-design-humanities/matthew-taylor/matthew-taylor.aspx
https://www.dmu.ac.uk/about-dmu/academic-staff/technology/graeme-stuart/graeme-stuart.aspx
https://www.dmu.ac.uk/about-dmu/academic-staff/art-design-humanities/elizabeth-tingle/elizabeth-tingle.aspx
https://www.dmu.ac.uk/about-dmu/academic-staff/business-and-law/peter-stokes/peter-stokes.aspx
https://www.dmu.ac.uk/about-dmu/academic-staff/business-and-law/katharine-thompson/katharine-thompson.aspx
https://www.dmu.ac.uk/about-dmu/academic-staff/art-design-humanities/pippa-virdee/pippa-virdee.aspx
https://www.dmu.ac.uk/about-dmu/academic-staff/technology/bogumil-ulanicki/bogumil-ulanicki.aspx
https://www.dmu.ac.uk/about-dmu/academic-staff/health-and-life-sciences/sue-westwood/sue-westwood.aspx
https://www.dmu.ac.uk/about-dmu/academic-staff/health-and-life-sciences/kath-wilson/kath-wilson.aspx
https://www.dmu.ac.uk/about-dmu/academic-staff/business-and-law/swati-virmani/swati-virmani.aspx
https://www.dmu.ac.uk/about-dmu/academic-staff/health-and-life-sciences/susannah-walsh/susannah-walsh.aspx
https://www.dmu.ac.uk/about-dmu/academic-staff/art-design-humanities/kelley-wilder/kelley-wilder.aspx
https://www.dmu.ac.uk/about-dmu/academic-staff/health-and-life-sciences/nicola-ward/nicola-ward.aspx
https://www.dmu.ac.uk/about-dmu/academic-staff/health-and-life-sciences/umakhanth-venkatraman-girija/umakhanth-venkatraman-girija.aspx
https://www.dmu.ac.uk/about-dmu/academic-staff/technology/sara-wilford/sara-wilford.aspx
https://www.dmu.ac.uk/about-dmu/academic-staff/health-and-life-sciences/mark-tymms/mark-tymms.aspx
https://www.dmu.ac.uk/about-dmu/academic-staff/health-and-life-sciences/jon-waterfield/jon-waterfield.aspx
https://www.dmu.ac.uk/about-dmu/academic-staff/technology/kutoma-wakunuma/kutoma-wakunuma.aspx
https://www.dmu.ac.uk/about-dmu/academic-staff/health-and-life-sciences/jessica-davies/jessica-turner.aspx
https://www.dmu.ac.uk/about-dmu/academic-staff/health-and-life-sciences/iain-williamson/iain-williamson.aspx
https://www.dmu.ac.uk/about-dmu/academic-staff/technology/yong-wang/yong-wang.aspx
https://www.dmu.ac.uk/about-dmu/academic-staff/art-design-humanities/brian-wealthall/brian-wealthall.aspx
https://www.dmu.ac.uk/about-dmu/academic-staff/business-and-law/wangari-wangombe-leonce/wangari-wangombe-leonce.aspx
https://www.dmu.ac.uk/about-dmu/academic-staff/technology/phil-wilson/phil-wilson.aspx
https://www.dmu.ac.uk/about-dmu/academic-staff/health-and-life-sciences/christina-weis/christina-weis.aspx
https://www.dmu.ac.uk/about-dmu/academic-staff/health-and-life-sciences/lan-zhu/lan-zhu.aspx
https://www.dmu.ac.uk/about-dmu/academic-staff/business-and-law/kassa-woldesenbet/kassa-woldesenbet-beta.aspx
https://www.dmu.ac.uk/about-dmu/academic-staff/technology/andrew-wright/andrew-wright.aspx
https://www.dmu.ac.uk/about-dmu/academic-staff/art-design-humanities/stuart-wright/stuart-wright.aspx
https://www.dmu.ac.uk/about-dmu/academic-staff/health-and-life-sciences/sarah-younie/sarah-younie.aspx
https://www.dmu.ac.uk/about-dmu/academic-staff/health-and-life-sciences/scott-yates/scott-yates.aspx
https://www.dmu.ac.uk/about-dmu/academic-staff/health-and-life-sciences/tom-wilson/tom-wilson.aspx
https://www.dmu.ac.uk/about-dmu/academic-staff/technology/tarjana-yagnik/tarjana-yagnik.aspx
https://www.dmu.ac.uk/about-dmu/academic-staff/technology/abolfazl-zahedi/abolfazl-zahedi.aspx
https://www.dmu.ac.uk/about-dmu/academic-staff/technology/iryna-yevseyeva/iryna-yevseyeva.aspx
https://www.dmu.ac.uk/about-dmu/academic-staff/technology/chris-wright/chris-wright.aspx
https://www.dmu.ac.uk/about-dmu/academic-staff/health-and-life-sciences/yu-hui/yu-hui.aspx
https://www.dmu.ac.uk/about-dmu/academic-staff/technology/john-young/john-young.aspx
https://www.dmu.ac.uk/about-dmu/academic-staff/art-design-humanities/alice-wood/alice-wood.aspx
https://www.dmu.ac.uk/about-dmu/academic-staff/technology/yingji-yang/yingjie-yang.aspx
https://www.dmu.ac.uk/about-dmu/academic-staff/art-design-humanities/luis-fernando-zapata-montalvo/luis-fernando-zapata-montalvo.aspx
https://www.dmu.ac.uk/about-dmu/academic-staff/technology/ellen-wright/ellen-wright.aspx
https://www.dmu.ac.uk/about-dmu/academic-staff/technology/yumei-zheng/yumei-zheng.aspx
https://www.dmu.ac.uk/about-dmu/academic-staff/technology/shengxiang-yang/shengxiang-yang.aspx
https://www.dmu.ac.uk/about-dmu/academic-staff/art-design-humanities/helen-wood/helen-wood.aspx
