Email
webteam@hud.ac.ukSkip
AbbaP.U.Abba@hud.ac.ukSenior
AduR.Adu@hud.ac
AhmedM.Ahmed3@hud.ac.ukPractitioner
AhmedS.M.N.Ahmed@hud.ac.ukSchool
Allattg.allatt@hud.ac.ukSenior
AmarA.Amar2@hud.ac.ukOperations
Andersonp.a.anderson@hud.ac
AndrassyR.Andrassy@hud.ac.ukUniversity
AndrewM.Andrew3@hud.ac.ukSenior
AnwarN.Anwar@hud.ac.ukActing
AscroftS.J.Ascroft@hud.ac.ukExecutive
AzubikeV.Azubike@hud.ac
Baileyw.bailey@hud.ac.ukActing
BatesonP.Bateson@hud.ac.ukSenior
BeddewelaE.S.Beddewela@hud.ac.ukReaderHuddersfield
BendG.L.Bend@hud.ac.ukSenior
BennionH.Bennion@hud.ac.ukLecturer
BettanyS.Bettany@hud.ac.ukProfessorHuddersfield
BilenkisiF.Bilenkisi@hud.ac
BirkettL.R.Birkett@hud.ac
Bishopj.bishop@hud.ac.ukSenior
BoneV.Bone@hud.ac.ukSenior
Booth-MartinH.Booth-Martin@hud.ac.ukUniversity
BorgM.Borg@hud.ac.ukSenior
BowdellS.Bowdell@hud.ac.ukHelp
BoydJ.Boyd@hud.ac.ukActing
BrickwoodE.E.Brickwood@hud.ac.ukSenior
BriggsM.Briggs@hud.ac.ukSenior
BrooksR.Brooks@hud.ac.ukSchool
BudhathokiT.Budhathoki@hud.ac.ukSenior
BullardH.Bullard3@hud.ac.ukLecturer
CashA.Cash@hud.ac.ukSenior
CavanaghH.Cavanagh@hud.ac.ukLecturer
ChimpangoB.K.Chimpango@hud.ac.ukSenior
ChiuE.Chiu@hud.ac.ukSchool
CoverdaleL.J.Coverdale@hud.ac.ukSenior
CoverdaleL.J.Coverdale@hud.ac.ukUniversity
CurtisK.Curtis@hud.ac.ukSenior
DaborI.L.Dabor@hud.ac.ukSenior
DadashzadehN.Dadashzadeh@hud.ac.ukLecturer
DastgirS.Dastgir@hud.ac.ukSenior
MattosC.DeMattos@hud.ac.ukSenior
DennettA.Dennett@hud.ac.ukSubject
DysonJ.J.Dyson2@hud.ac.ukHealth
EdwardsS.Edwards@hud.ac
EkwuemeD.C.Ekwueme@hud.ac.ukLecturer
Germanh.c.german@hud.ac.ukSchool
GilworthR.B.Gilworth@hud.ac.ukSenior
GreenanP.Greenan@hud.ac.ukSenior
HallL.Hall2@hud.ac.ukBusiness
HansonO.Hanson2@hud.ac.ukUniversity
HarringtonS.Harrington@hud.ac.ukSchool
HatamimarbiniA.Hatamimarbini@hud.ac.ukProfessor
HazraS.Hazra@hud.ac.ukLecturer
HemachandraK.Hemachandra2@hud.ac.ukLecturerHuddersfield
HerathD.Herath@hud.ac.ukSchool
HillN.Hill@hud.ac.ukHealth
HodgeL.Hodge3@hud.ac.ukExecutive
HoranM.Horan@hud.ac.ukSenior
HuangQ.Huang@hud.ac.ukProfessor
HuttonK.Hutton3@hud.ac.ukClinic
ImranR.Imran@hud.ac.ukSenior
IngramF.J.Ingram@hud.ac
JarvisA.P.Jarvis@hud.ac.ukSenior
JavidM.Javid@hud.ac
JohnstonA.Johnston@hud.ac.ukProfessor
Jonesk.l.jones@hud.ac
KaawachS.Kaawach@hud.ac
KanevaD.Kaneva@hud.ac.ukSenior
Karoliam.karolia@hud.ac.ukSenior
KellyS.Kelly@hud.ac.ukSenior
KilaK.O.Kila@hud.ac.ukSenior
KilincarslanE.Kilincarslan@hud.ac.ukSenior
KurtulA.kurtul@hud.ac.ukLecturer
LaherA.Laher2@hud.ac.ukUniversity
LavenderK.Lavender2@hud.ac.ukDirector
Leahs.e.leah@hud.ac.ukExecutive
LeiL.Lei@hud.ac.ukSubject
LiJ.Li2@hud.ac
LiuN.Liu2@hud.ac
MaZ.Z.Ma@hud.ac.ukLecturerHuddersfield
MaiN.Mai@hud.ac.ukResearch
MalcolmD.ED.Malcolm@hud.ac
MalikM.A.Malik@hud.ac.ukResearch
ManningG.Manning@hud.ac.ukSenior
McCamleyC.McCamley@hud.ac.ukProject
McGregorF.L.McGregor@hud.ac.ukSenior
Mehafdim.mehafdi@hud.ac.ukSenior
Menor-RodriguezM.Menor-Rodriguez@hud.ac.ukSenior
MiahS.Miah@hud.ac.ukSenior
MuhammadN.Muhammad@hud.ac
MunroS.Munro@hud.ac.ukSenior
NanaR.Nana@hud.ac.ukLecturer
NantezaA.Nanteza2@hud.ac.ukLecturer
Ndig.ndi@hud.ac.ukActing
NeaversonR.Neaverson@hud.ac.ukExecutive
NicholsonJ.Nicholson@hud.ac.ukProfessor
NikitasA.Nikitas@hud.ac.ukProfessorHuddersfield
ParsonsH.Parsons@hud.ac.ukSenior
PletzS.Pletz@hud.ac.ukLecturerLaw
PotterI.Potter2@hud.ac.ukProject
ProwseN.D.Prowse@hud.ac.ukSenior
QaiserF.H.Qaiser@hud.ac.ukSenior
ReidJ.Reid@hud.ac.ukReaderEducationDr
SosaG.Sadi@hud.ac.ukSenior
SadouA.Sadou@hud.ac.ukUniversity
SemeyutinA.Semeyutin@hud.ac.ukSenior
ShahZulfiqar.Shah@hud.ac
SharmaA.Sharma2@hud.ac.ukProfessor
SheehanS.Sheehan@hud.ac.ukSenior
ShenH.Shen@hud.ac.ukSenior
Shucksmith-WesleyM.Shucksmith@hud.ac.ukSenior
SimpsonK.Simpson2@hud.ac.ukSenior
SitthipongpanichT.Sitthipongpanich@hud.ac.ukSenior
SkrbicN.Skrbic2@hud.ac.ukHead
SmithK.L.Smith@hud.ac.ukActing
SmithA.Smith5@hud.ac.ukSenior
SnellM.J.Snell@hud.ac.ukSenior
SpenceE.S.Spence@hud.ac.ukSenior
StenbergN.Stenberg@hud.ac.ukSchool
StewartS.Stewart3@hud.ac.ukUniversity
SyT.B.Sy@hud.ac.ukResearch
SzaboA.A.Szabo@hud.ac.ukActing
TerryR.Terry@hud.ac.ukSenior
Thomasd.p.thomas@hud.ac.ukProfessorEducationDr
ThompsonN.Thompson3@hud.ac.ukSenior
TruongT.DL.Truong@hud.ac.ukResearch
PorcelM.TuruPorcel@hud.ac.ukSubject
UkeniI.Ukeni3@hud.ac.ukLecturer
ArancibiaV.Vienne@hud.ac.ukLecturer
WagstaffS.Wagstaff@hud.ac.ukProject
WangQ.Wang@hud.ac.ukSenior
Warren-JonesA.Warren-Jones@hud.ac.ukSenior
WatsonL.Watson2@hud.ac.ukSenior
WhiteJ.White2@hud.ac.ukSenior
WhitelawN.E.Whitelaw@hud.ac.ukSenior
WoodJ.R.Wood@hud.ac.ukSenior
WoodheadC.J.Woodhead@hud.ac.ukSenior
WuJ.Wu@hud.ac.ukReaderHuddersfield
YoudeA.Youde@hud.ac.ukSubject
YusufR.A.Yusuf@hud.ac
ZagajewskiF.Zagajewski@hud.ac.ukSenior
ZhengN.Zheng@hud.ac.ukSenior
ZirarA.Zirar@hud.ac.ukSenior
